Workbook

Sheet README
A1: Manual check of the tool's calculations
A3: Case | B3: ILLUSTRATIVE analysis example. Activity: Brick masonry, ground-floor walls.
A4: What this is | B4: Closed-form quantities recomputed by hand as live Excel formulas from the inputs on the Inputs sheet, beside the number the tool printed, with a difference and a PASS / FAIL formula. If you change a blue input, the hand column recomputes but the pasted tool column does not, so differences will then appear.
A5: Checked here | B5: Delay moments by distribution kind; event EMV = p x (mean delay x delay cost + direct cost); 5 x 5 class and level; net benefit of each response (EMV removed - secondary EMV - cost); expected total delay and probability of any delay against the simulation (within 3 standard errors).
A6: NOT checked here | B6: Simulated duration and cost percentiles (P50, P90), liquidated-damage costs, and the option comparison need the full distribution. They are checked by the validation scripts in report/scripts/validation_2026-10-09/ (exact grid convolution and a large independent simulation).
A7: Occurrence correlation | B7: No occurrence correlation was entered; the independence formulas apply.
A8: Colour legend | B8: Blue on yellow = input. Blue on white = value pasted from the tool. Black = formula. Green = link to another sheet.
A9: Not evidence | B9: A PASS shows the arithmetic is right, not that the entered probabilities, delays and costs describe a real site.
A10: Tool run | B10: n = 10000, seed = 12345, criterion = min_expected_total_cost.
A12: Overall | B12: =IF((COUNTIF(Risks!K4:K10,"FAIL")+COUNTIF(Totals!F4:F6,"FAIL")+COUNTIF(Matrix!M4:M10,"FAIL")+COUNTIF(Responses!R4:R9,"FAIL"))=0,"ALL "&(COUNTIF(Risks!K4:K10,"PASS")+COUNTIF(Totals!F4:F6,"PASS")+COUNTIF(Matrix!M4:M10,"PASS")+COUNTIF(Responses!R4:R9,"PASS"))&" CHECKS PASS",(COUNTIF(Risks!K4:K10,"FAIL")+COUNTIF(Totals!F4:F6,"FAIL")+COUNTIF(Matrix!M4:M10,"FAIL")+COUNTIF(Responses!R4:R9,"FAIL"))&" OF "&((COUNTIF(Risks!K4:K10,"PASS")+COUNTIF(Totals!F4:F6,"PASS")+COUNTIF(Matrix!M4:M10,"PASS")+COUNTIF(Responses!R4:R9,"PASS"))+(COUNTIF(Risks!K4:K10,"FAIL")+COUNTIF(Totals!F4:F6,"FAIL")+COUNTIF(Matrix!M4:M10,"FAIL")+COUNTIF(Responses!R4:R9,"FAIL")))&" CHECKS FAIL") -> ALL 23 CHECKS PASS

Sheet Inputs
A1: Inputs (from the case)
A3: Quantity | B3: Value | C3: Unit
A4: Planned duration T0 | B4: 16 | C4: days
A5: Deadline | B5: 20 | C5: days (blank = none)
A6: Delay cost per day Cd | B6: 8000 | C6: INR per day
A7: Liquidated damages per day | B7: 5000 | C7: INR per day (not used in these checks)
A8: Simulation draws n | B8: 10000 | C8: draws
A9: Seed | B9: 12345
A12: Risk id | B12: Name | C12: Delay kind | D12: a (min) | E12: m (mode) | F12: b (max) | G12: lambda | H12: p | I12: Direct cost if it occurs
A13: R-MAT | B13: Brick / material shortage | C13: pert | D13: 1 | E13: 3 | F13: 8 | G13: 4 | H13: 0.5 | I13: 0
A14: R-LAB | B14: Labour absenteeism / shortage | C14: pert | D14: 1 | E14: 2 | F14: 6 | G14: 4 | H14: 0.35 | I14: 0
A15: R-RWK | B15: Rework due to workmanship | C15: pert | D15: 1 | E15: 2 | F15: 5 | G15: 4 | H15: 0.25 | I15: 0
A16: R-WX | B16: Rain / monsoon stoppage | C16: pert | D16: 1 | E16: 2 | F16: 7 | G16: 4 | H16: 0.2 | I16: 0
A17: R-PLAN | B17: Poor planning or unrealistic scheduling | C17: pert | D17: 1 | E17: 1 | F17: 3 | G17: 4 | H17: 0.1 | I17: 0
A18: R-SAFE | B18: Unsafe conditions / work at height | C18: pert | D18: 1 | E18: 2 | F18: 6 | G18: 4 | H18: 0.3 | I18: 0
A19: R-SKILL | B19: Unskilled or unqualified labour | C19: pert | D19: 1 | E19: 2 | F19: 5 | G19: 4 | H19: 0.22 | I19: 0
A22: Response id | B22: Targets risk | C22: Cost | D22: p after | E22: Delay-after kind | F22: a | G22: m | H22: b | I22: lambda | J22: Feasible?
A23: M-BUF | B23: R-MAT | C23: 6000 | D23: 0.2 | J23: Yes
A24: M-SUP | B24: R-MAT | C24: 3000 | D24: 0.35 | J24: Yes
A25: M-GANG | B25: R-LAB | C25: 9000 | E25: pert | F25: 0 | G25: 1 | H25: 3 | I25: 4 | J25: Yes
A26: M-COV | B26: R-WX | C26: 2500 | D26: 0.12 | J26: Yes
A27: M-QC | B27: R-RWK | C27: 1500 | D27: 0.15 | J27: Yes
A28: M-MECH | B28: R-SKILL | C28: 4000 | D28: 0.1 | J28: No
A31: Response id | B31: Secondary risk id | C31: p | D31: Delay kind | E31: a | F31: m | G31: b | H31: lambda | I31: Direct cost
A32: M-GANG | B32: S-CONG | C32: 0.3 | D32: pert | E32: 0 | F32: 1 | G32: 2 | H32: 4 | I32: 0
A35: Probability class edges (lower-edge inclusive) | B35: 0.2 | C35: 0.4 | D35: 0.6 | E35: 0.8
A36: Impact edges (fraction of T0) | B36: 0.02 | C36: 0.05 | D36: 0.1 | E36: 0.2
A37: Level cut-offs on score (Low <=, Moderate <=, High <=) | B37: 5 | C37: 10 | D37: 15

Sheet Risks
A1: Per-risk moments and event EMV: hand vs tool
A3: Risk id | B3: p | C3: Mean delay if it occurs (d) | D3: Variance (d^2) | E3: Conditional cost =mean x Cd + direct | F3: Event EMV =p x conditional cost | G3: Tool mean (d) | H3: Tool EMV | I3: Mean diff | J3: EMV diff | K3: Result | M3: 1 - p
A4: =Inputs!A13 -> R-MAT | B4: =Inputs!H13 -> 0.5 | C4: =IF(Inputs!$C13="pert",(Inputs!$D13+Inputs!$G13*Inputs!$E13+Inputs!$F13)/(Inputs!$G13+2),IF(Inputs!$C13="triangular",(Inputs!$D13+Inputs!$E13+Inputs!$F13)/3,IF(Inputs!$C13="uniform",(Inputs!$D13+Inputs!$F13)/2,Inputs!$E13))) -> 3.5 | D4: =IF(Inputs!$C13="pert",((IF(Inputs!$C13="pert",(Inputs!$D13+Inputs!$G13*Inputs!$E13+Inputs!$F13)/(Inputs!$G13+2),IF(Inputs!$C13="triangular",(Inputs!$D13+Inputs!$E13+Inputs!$F13)/3,IF(Inputs!$C13="uniform",(Inputs!$D13+Inputs!$F13)/2,Inputs!$E13))))-Inputs!$D13)*(Inputs!$F13-(IF(Inputs!$C13="pert",(Inputs!$D13+Inputs!$G13*Inputs!$E13+Inputs!$F13)/(Inputs!$G13+2),IF(Inputs!$C13="triangular",(Inputs!$D13+Inputs!$E13+Inputs!$F13)/3,IF(Inputs!$C13="uniform",(Inputs!$D13+Inputs!$F13)/2,Inputs!$E13)))))/(Inputs!$G13+3),IF(Inputs!$C13="triangular",(Inputs!$D13^2+Inputs!$E13^2+Inputs!$F13^2-Inputs!$D13*Inputs!$E13-Inputs!$D13*Inputs!$F13-Inputs!$E13*Inputs!$F13)/18,IF(Inputs!$C13="uniform",(Inputs!$F13-Inputs!$D13)^2/12,0))) -> 1.6071429 | E4: =C4*Inputs!$B$6+Inputs!I13 -> 28000 | F4: =B4*E4 -> 14000 | G4: 3.5 | H4: 14000 | I4: =C4-G4 -> 0 | J4: =F4-H4 -> 0 | K4: =IF(AND(ABS(I4)<=0.000001*(1+ABS(G4)),ABS(J4)<=0.000001*(1+ABS(H4))),"PASS","FAIL") -> PASS | M4: =1-B4 -> 0.5
A5: =Inputs!A14 -> R-LAB | B5: =Inputs!H14 -> 0.35 | C5: =IF(Inputs!$C14="pert",(Inputs!$D14+Inputs!$G14*Inputs!$E14+Inputs!$F14)/(Inputs!$G14+2),IF(Inputs!$C14="triangular",(Inputs!$D14+Inputs!$E14+Inputs!$F14)/3,IF(Inputs!$C14="uniform",(Inputs!$D14+Inputs!$F14)/2,Inputs!$E14))) -> 2.5 | D5: =IF(Inputs!$C14="pert",((IF(Inputs!$C14="pert",(Inputs!$D14+Inputs!$G14*Inputs!$E14+Inputs!$F14)/(Inputs!$G14+2),IF(Inputs!$C14="triangular",(Inputs!$D14+Inputs!$E14+Inputs!$F14)/3,IF(Inputs!$C14="uniform",(Inputs!$D14+Inputs!$F14)/2,Inputs!$E14))))-Inputs!$D14)*(Inputs!$F14-(IF(Inputs!$C14="pert",(Inputs!$D14+Inputs!$G14*Inputs!$E14+Inputs!$F14)/(Inputs!$G14+2),IF(Inputs!$C14="triangular",(Inputs!$D14+Inputs!$E14+Inputs!$F14)/3,IF(Inputs!$C14="uniform",(Inputs!$D14+Inputs!$F14)/2,Inputs!$E14)))))/(Inputs!$G14+3),IF(Inputs!$C14="triangular",(Inputs!$D14^2+Inputs!$E14^2+Inputs!$F14^2-Inputs!$D14*Inputs!$E14-Inputs!$D14*Inputs!$F14-Inputs!$E14*Inputs!$F14)/18,IF(Inputs!$C14="uniform",(Inputs!$F14-Inputs!$D14)^2/12,0))) -> 0.75 | E5: =C5*Inputs!$B$6+Inputs!I14 -> 20000 | F5: =B5*E5 -> 7000 | G5: 2.5 | H5: 7000 | I5: =C5-G5 -> 0 | J5: =F5-H5 -> 0 | K5: =IF(AND(ABS(I5)<=0.000001*(1+ABS(G5)),ABS(J5)<=0.000001*(1+ABS(H5))),"PASS","FAIL") -> PASS | M5: =1-B5 -> 0.65
A6: =Inputs!A15 -> R-RWK | B6: =Inputs!H15 -> 0.25 | C6: =IF(Inputs!$C15="pert",(Inputs!$D15+Inputs!$G15*Inputs!$E15+Inputs!$F15)/(Inputs!$G15+2),IF(Inputs!$C15="triangular",(Inputs!$D15+Inputs!$E15+Inputs!$F15)/3,IF(Inputs!$C15="uniform",(Inputs!$D15+Inputs!$F15)/2,Inputs!$E15))) -> 2.3333333 | D6: =IF(Inputs!$C15="pert",((IF(Inputs!$C15="pert",(Inputs!$D15+Inputs!$G15*Inputs!$E15+Inputs!$F15)/(Inputs!$G15+2),IF(Inputs!$C15="triangular",(Inputs!$D15+Inputs!$E15+Inputs!$F15)/3,IF(Inputs!$C15="uniform",(Inputs!$D15+Inputs!$F15)/2,Inputs!$E15))))-Inputs!$D15)*(Inputs!$F15-(IF(Inputs!$C15="pert",(Inputs!$D15+Inputs!$G15*Inputs!$E15+Inputs!$F15)/(Inputs!$G15+2),IF(Inputs!$C15="triangular",(Inputs!$D15+Inputs!$E15+Inputs!$F15)/3,IF(Inputs!$C15="uniform",(Inputs!$D15+Inputs!$F15)/2,Inputs!$E15)))))/(Inputs!$G15+3),IF(Inputs!$C15="triangular",(Inputs!$D15^2+Inputs!$E15^2+Inputs!$F15^2-Inputs!$D15*Inputs!$E15-Inputs!$D15*Inputs!$F15-Inputs!$E15*Inputs!$F15)/18,IF(Inputs!$C15="uniform",(Inputs!$F15-Inputs!$D15)^2/12,0))) -> 0.50793651 | E6: =C6*Inputs!$B$6+Inputs!I15 -> 18666.667 | F6: =B6*E6 -> 4666.6667 | G6: 2.3333333 | H6: 4666.6667 | I6: =C6-G6 -> 0 | J6: =F6-H6 -> 0 | K6: =IF(AND(ABS(I6)<=0.000001*(1+ABS(G6)),ABS(J6)<=0.000001*(1+ABS(H6))),"PASS","FAIL") -> PASS | M6: =1-B6 -> 0.75
A7: =Inputs!A16 -> R-WX | B7: =Inputs!H16 -> 0.2 | C7: =IF(Inputs!$C16="pert",(Inputs!$D16+Inputs!$G16*Inputs!$E16+Inputs!$F16)/(Inputs!$G16+2),IF(Inputs!$C16="triangular",(Inputs!$D16+Inputs!$E16+Inputs!$F16)/3,IF(Inputs!$C16="uniform",(Inputs!$D16+Inputs!$F16)/2,Inputs!$E16))) -> 2.6666667 | D7: =IF(Inputs!$C16="pert",((IF(Inputs!$C16="pert",(Inputs!$D16+Inputs!$G16*Inputs!$E16+Inputs!$F16)/(Inputs!$G16+2),IF(Inputs!$C16="triangular",(Inputs!$D16+Inputs!$E16+Inputs!$F16)/3,IF(Inputs!$C16="uniform",(Inputs!$D16+Inputs!$F16)/2,Inputs!$E16))))-Inputs!$D16)*(Inputs!$F16-(IF(Inputs!$C16="pert",(Inputs!$D16+Inputs!$G16*Inputs!$E16+Inputs!$F16)/(Inputs!$G16+2),IF(Inputs!$C16="triangular",(Inputs!$D16+Inputs!$E16+Inputs!$F16)/3,IF(Inputs!$C16="uniform",(Inputs!$D16+Inputs!$F16)/2,Inputs!$E16)))))/(Inputs!$G16+3),IF(Inputs!$C16="triangular",(Inputs!$D16^2+Inputs!$E16^2+Inputs!$F16^2-Inputs!$D16*Inputs!$E16-Inputs!$D16*Inputs!$F16-Inputs!$E16*Inputs!$F16)/18,IF(Inputs!$C16="uniform",(Inputs!$F16-Inputs!$D16)^2/12,0))) -> 1.031746 | E7: =C7*Inputs!$B$6+Inputs!I16 -> 21333.333 | F7: =B7*E7 -> 4266.6667 | G7: 2.6666667 | H7: 4266.6667 | I7: =C7-G7 -> 0 | J7: =F7-H7 -> 0 | K7: =IF(AND(ABS(I7)<=0.000001*(1+ABS(G7)),ABS(J7)<=0.000001*(1+ABS(H7))),"PASS","FAIL") -> PASS | M7: =1-B7 -> 0.8
A8: =Inputs!A17 -> R-PLAN | B8: =Inputs!H17 -> 0.1 | C8: =IF(Inputs!$C17="pert",(Inputs!$D17+Inputs!$G17*Inputs!$E17+Inputs!$F17)/(Inputs!$G17+2),IF(Inputs!$C17="triangular",(Inputs!$D17+Inputs!$E17+Inputs!$F17)/3,IF(Inputs!$C17="uniform",(Inputs!$D17+Inputs!$F17)/2,Inputs!$E17))) -> 1.3333333 | D8: =IF(Inputs!$C17="pert",((IF(Inputs!$C17="pert",(Inputs!$D17+Inputs!$G17*Inputs!$E17+Inputs!$F17)/(Inputs!$G17+2),IF(Inputs!$C17="triangular",(Inputs!$D17+Inputs!$E17+Inputs!$F17)/3,IF(Inputs!$C17="uniform",(Inputs!$D17+Inputs!$F17)/2,Inputs!$E17))))-Inputs!$D17)*(Inputs!$F17-(IF(Inputs!$C17="pert",(Inputs!$D17+Inputs!$G17*Inputs!$E17+Inputs!$F17)/(Inputs!$G17+2),IF(Inputs!$C17="triangular",(Inputs!$D17+Inputs!$E17+Inputs!$F17)/3,IF(Inputs!$C17="uniform",(Inputs!$D17+Inputs!$F17)/2,Inputs!$E17)))))/(Inputs!$G17+3),IF(Inputs!$C17="triangular",(Inputs!$D17^2+Inputs!$E17^2+Inputs!$F17^2-Inputs!$D17*Inputs!$E17-Inputs!$D17*Inputs!$F17-Inputs!$E17*Inputs!$F17)/18,IF(Inputs!$C17="uniform",(Inputs!$F17-Inputs!$D17)^2/12,0))) -> 0.079365079 | E8: =C8*Inputs!$B$6+Inputs!I17 -> 10666.667 | F8: =B8*E8 -> 1066.6667 | G8: 1.3333333 | H8: 1066.6667 | I8: =C8-G8 -> 0 | J8: =F8-H8 -> 0 | K8: =IF(AND(ABS(I8)<=0.000001*(1+ABS(G8)),ABS(J8)<=0.000001*(1+ABS(H8))),"PASS","FAIL") -> PASS | M8: =1-B8 -> 0.9
A9: =Inputs!A18 -> R-SAFE | B9: =Inputs!H18 -> 0.3 | C9: =IF(Inputs!$C18="pert",(Inputs!$D18+Inputs!$G18*Inputs!$E18+Inputs!$F18)/(Inputs!$G18+2),IF(Inputs!$C18="triangular",(Inputs!$D18+Inputs!$E18+Inputs!$F18)/3,IF(Inputs!$C18="uniform",(Inputs!$D18+Inputs!$F18)/2,Inputs!$E18))) -> 2.5 | D9: =IF(Inputs!$C18="pert",((IF(Inputs!$C18="pert",(Inputs!$D18+Inputs!$G18*Inputs!$E18+Inputs!$F18)/(Inputs!$G18+2),IF(Inputs!$C18="triangular",(Inputs!$D18+Inputs!$E18+Inputs!$F18)/3,IF(Inputs!$C18="uniform",(Inputs!$D18+Inputs!$F18)/2,Inputs!$E18))))-Inputs!$D18)*(Inputs!$F18-(IF(Inputs!$C18="pert",(Inputs!$D18+Inputs!$G18*Inputs!$E18+Inputs!$F18)/(Inputs!$G18+2),IF(Inputs!$C18="triangular",(Inputs!$D18+Inputs!$E18+Inputs!$F18)/3,IF(Inputs!$C18="uniform",(Inputs!$D18+Inputs!$F18)/2,Inputs!$E18)))))/(Inputs!$G18+3),IF(Inputs!$C18="triangular",(Inputs!$D18^2+Inputs!$E18^2+Inputs!$F18^2-Inputs!$D18*Inputs!$E18-Inputs!$D18*Inputs!$F18-Inputs!$E18*Inputs!$F18)/18,IF(Inputs!$C18="uniform",(Inputs!$F18-Inputs!$D18)^2/12,0))) -> 0.75 | E9: =C9*Inputs!$B$6+Inputs!I18 -> 20000 | F9: =B9*E9 -> 6000 | G9: 2.5 | H9: 6000 | I9: =C9-G9 -> 0 | J9: =F9-H9 -> 0 | K9: =IF(AND(ABS(I9)<=0.000001*(1+ABS(G9)),ABS(J9)<=0.000001*(1+ABS(H9))),"PASS","FAIL") -> PASS | M9: =1-B9 -> 0.7
A10: =Inputs!A19 -> R-SKILL | B10: =Inputs!H19 -> 0.22 | C10: =IF(Inputs!$C19="pert",(Inputs!$D19+Inputs!$G19*Inputs!$E19+Inputs!$F19)/(Inputs!$G19+2),IF(Inputs!$C19="triangular",(Inputs!$D19+Inputs!$E19+Inputs!$F19)/3,IF(Inputs!$C19="uniform",(Inputs!$D19+Inputs!$F19)/2,Inputs!$E19))) -> 2.3333333 | D10: =IF(Inputs!$C19="pert",((IF(Inputs!$C19="pert",(Inputs!$D19+Inputs!$G19*Inputs!$E19+Inputs!$F19)/(Inputs!$G19+2),IF(Inputs!$C19="triangular",(Inputs!$D19+Inputs!$E19+Inputs!$F19)/3,IF(Inputs!$C19="uniform",(Inputs!$D19+Inputs!$F19)/2,Inputs!$E19))))-Inputs!$D19)*(Inputs!$F19-(IF(Inputs!$C19="pert",(Inputs!$D19+Inputs!$G19*Inputs!$E19+Inputs!$F19)/(Inputs!$G19+2),IF(Inputs!$C19="triangular",(Inputs!$D19+Inputs!$E19+Inputs!$F19)/3,IF(Inputs!$C19="uniform",(Inputs!$D19+Inputs!$F19)/2,Inputs!$E19)))))/(Inputs!$G19+3),IF(Inputs!$C19="triangular",(Inputs!$D19^2+Inputs!$E19^2+Inputs!$F19^2-Inputs!$D19*Inputs!$E19-Inputs!$D19*Inputs!$F19-Inputs!$E19*Inputs!$F19)/18,IF(Inputs!$C19="uniform",(Inputs!$F19-Inputs!$D19)^2/12,0))) -> 0.50793651 | E10: =C10*Inputs!$B$6+Inputs!I19 -> 18666.667 | F10: =B10*E10 -> 4106.6667 | G10: 2.3333333 | H10: 4106.6667 | I10: =C10-G10 -> 0 | J10: =F10-H10 -> 0 | K10: =IF(AND(ABS(I10)<=0.000001*(1+ABS(G10)),ABS(J10)<=0.000001*(1+ABS(H10))),"PASS","FAIL") -> PASS | M10: =1-B10 -> 0.78

Sheet Totals
A1: Expected total delay and probability of any delay: hand vs simulation
A3: Quantity | B3: Hand (formula) | C3: Tool (simulated) | D3: Difference | E3: Tolerance (3 standard errors) | F3: Result
A4: Expected total delay (d) = sum of p x mean | B4: =SUMPRODUCT(Risks!$B$4:$B$10,Risks!$C$4:$C$10) -> 5.1383333 | C4: 5.1322848 | D4: =B4-C4 -> 0.0060485225 | E4: 0.10023185 | F4: =IF(ABS(D4)<=E4,"PASS","FAIL") -> PASS
A5: Probability of any delay = 1 - product(1 - p) | B5: =1-PRODUCT(Risks!$M$4:$M$10) -> 0.904177 | C5: 0.8975 | D5: =B5-C5 -> 0.006677 | E5: 0.0088304506 | F5: =IF(ABS(D5)<=E5,"PASS","FAIL") -> PASS
A6: Sum of event EMV (cost units) | B6: =SUM(Risks!$F$4:$F$10) -> 41106.667 | C6: 41106.667 | D6: =B6-C6 -> 0 | E6: =0.000001*(1+ABS(C6)) -> 0.041107667 | F6: =IF(ABS(D6)<=E6,"PASS","FAIL") -> PASS
A8: Tolerance for the first two rows uses the tool's own standard error of the mean and the binomial standard error at the number of draws used. A simulation will miss its exact value by more than 3 standard errors about 3 times in 1,000.

Sheet Matrix
A1: 5 x 5 class and level: hand vs tool
A3: Risk id | B3: p | C3: Mean delay (d) | D3: Ratio = mean / T0 | E3: Probability class | F3: Impact class | G3: Score | H3: Level | I3: Tool p class | J3: Tool impact class | K3: Tool score | L3: Tool level | M3: Result
A4: =Risks!A4 -> R-MAT | B4: =Risks!B4 -> 0.5 | C4: =Risks!C4 -> 3.5 | D4: =C4/Inputs!$B$4 -> 0.21875 | E4: =1+(B4>=Inputs!$B$35-0.000000000001)+(B4>=Inputs!$C$35-0.000000000001)+(B4>=Inputs!$D$35-0.000000000001)+(B4>=Inputs!$E$35-0.000000000001) -> 3 | F4: =1+(D4>=Inputs!$B$36-0.000000000001)+(D4>=Inputs!$C$36-0.000000000001)+(D4>=Inputs!$D$36-0.000000000001)+(D4>=Inputs!$E$36-0.000000000001) -> 5 | G4: =E4*F4 -> 15 | H4: =IF(G4<=Inputs!$B$37,"Low",IF(G4<=Inputs!$C$37,"Moderate",IF(G4<=Inputs!$D$37,"High","Extreme"))) -> High | I4: 3 | J4: 5 | K4: 15 | L4: High | M4: =IF(AND(E4=I4,F4=J4,G4=K4,H4=L4),"PASS","FAIL") -> PASS
A5: =Risks!A5 -> R-LAB | B5: =Risks!B5 -> 0.35 | C5: =Risks!C5 -> 2.5 | D5: =C5/Inputs!$B$4 -> 0.15625 | E5: =1+(B5>=Inputs!$B$35-0.000000000001)+(B5>=Inputs!$C$35-0.000000000001)+(B5>=Inputs!$D$35-0.000000000001)+(B5>=Inputs!$E$35-0.000000000001) -> 2 | F5: =1+(D5>=Inputs!$B$36-0.000000000001)+(D5>=Inputs!$C$36-0.000000000001)+(D5>=Inputs!$D$36-0.000000000001)+(D5>=Inputs!$E$36-0.000000000001) -> 4 | G5: =E5*F5 -> 8 | H5: =IF(G5<=Inputs!$B$37,"Low",IF(G5<=Inputs!$C$37,"Moderate",IF(G5<=Inputs!$D$37,"High","Extreme"))) -> Moderate | I5: 2 | J5: 4 | K5: 8 | L5: Moderate | M5: =IF(AND(E5=I5,F5=J5,G5=K5,H5=L5),"PASS","FAIL") -> PASS
A6: =Risks!A6 -> R-RWK | B6: =Risks!B6 -> 0.25 | C6: =Risks!C6 -> 2.3333333 | D6: =C6/Inputs!$B$4 -> 0.14583333 | E6: =1+(B6>=Inputs!$B$35-0.000000000001)+(B6>=Inputs!$C$35-0.000000000001)+(B6>=Inputs!$D$35-0.000000000001)+(B6>=Inputs!$E$35-0.000000000001) -> 2 | F6: =1+(D6>=Inputs!$B$36-0.000000000001)+(D6>=Inputs!$C$36-0.000000000001)+(D6>=Inputs!$D$36-0.000000000001)+(D6>=Inputs!$E$36-0.000000000001) -> 4 | G6: =E6*F6 -> 8 | H6: =IF(G6<=Inputs!$B$37,"Low",IF(G6<=Inputs!$C$37,"Moderate",IF(G6<=Inputs!$D$37,"High","Extreme"))) -> Moderate | I6: 2 | J6: 4 | K6: 8 | L6: Moderate | M6: =IF(AND(E6=I6,F6=J6,G6=K6,H6=L6),"PASS","FAIL") -> PASS
A7: =Risks!A7 -> R-WX | B7: =Risks!B7 -> 0.2 | C7: =Risks!C7 -> 2.6666667 | D7: =C7/Inputs!$B$4 -> 0.16666667 | E7: =1+(B7>=Inputs!$B$35-0.000000000001)+(B7>=Inputs!$C$35-0.000000000001)+(B7>=Inputs!$D$35-0.000000000001)+(B7>=Inputs!$E$35-0.000000000001) -> 2 | F7: =1+(D7>=Inputs!$B$36-0.000000000001)+(D7>=Inputs!$C$36-0.000000000001)+(D7>=Inputs!$D$36-0.000000000001)+(D7>=Inputs!$E$36-0.000000000001) -> 4 | G7: =E7*F7 -> 8 | H7: =IF(G7<=Inputs!$B$37,"Low",IF(G7<=Inputs!$C$37,"Moderate",IF(G7<=Inputs!$D$37,"High","Extreme"))) -> Moderate | I7: 2 | J7: 4 | K7: 8 | L7: Moderate | M7: =IF(AND(E7=I7,F7=J7,G7=K7,H7=L7),"PASS","FAIL") -> PASS
A8: =Risks!A8 -> R-PLAN | B8: =Risks!B8 -> 0.1 | C8: =Risks!C8 -> 1.3333333 | D8: =C8/Inputs!$B$4 -> 0.083333333 | E8: =1+(B8>=Inputs!$B$35-0.000000000001)+(B8>=Inputs!$C$35-0.000000000001)+(B8>=Inputs!$D$35-0.000000000001)+(B8>=Inputs!$E$35-0.000000000001) -> 1 | F8: =1+(D8>=Inputs!$B$36-0.000000000001)+(D8>=Inputs!$C$36-0.000000000001)+(D8>=Inputs!$D$36-0.000000000001)+(D8>=Inputs!$E$36-0.000000000001) -> 3 | G8: =E8*F8 -> 3 | H8: =IF(G8<=Inputs!$B$37,"Low",IF(G8<=Inputs!$C$37,"Moderate",IF(G8<=Inputs!$D$37,"High","Extreme"))) -> Low | I8: 1 | J8: 3 | K8: 3 | L8: Low | M8: =IF(AND(E8=I8,F8=J8,G8=K8,H8=L8),"PASS","FAIL") -> PASS
A9: =Risks!A9 -> R-SAFE | B9: =Risks!B9 -> 0.3 | C9: =Risks!C9 -> 2.5 | D9: =C9/Inputs!$B$4 -> 0.15625 | E9: =1+(B9>=Inputs!$B$35-0.000000000001)+(B9>=Inputs!$C$35-0.000000000001)+(B9>=Inputs!$D$35-0.000000000001)+(B9>=Inputs!$E$35-0.000000000001) -> 2 | F9: =1+(D9>=Inputs!$B$36-0.000000000001)+(D9>=Inputs!$C$36-0.000000000001)+(D9>=Inputs!$D$36-0.000000000001)+(D9>=Inputs!$E$36-0.000000000001) -> 4 | G9: =E9*F9 -> 8 | H9: =IF(G9<=Inputs!$B$37,"Low",IF(G9<=Inputs!$C$37,"Moderate",IF(G9<=Inputs!$D$37,"High","Extreme"))) -> Moderate | I9: 2 | J9: 4 | K9: 8 | L9: Moderate | M9: =IF(AND(E9=I9,F9=J9,G9=K9,H9=L9),"PASS","FAIL") -> PASS
A10: =Risks!A10 -> R-SKILL | B10: =Risks!B10 -> 0.22 | C10: =Risks!C10 -> 2.3333333 | D10: =C10/Inputs!$B$4 -> 0.14583333 | E10: =1+(B10>=Inputs!$B$35-0.000000000001)+(B10>=Inputs!$C$35-0.000000000001)+(B10>=Inputs!$D$35-0.000000000001)+(B10>=Inputs!$E$35-0.000000000001) -> 2 | F10: =1+(D10>=Inputs!$B$36-0.000000000001)+(D10>=Inputs!$C$36-0.000000000001)+(D10>=Inputs!$D$36-0.000000000001)+(D10>=Inputs!$E$36-0.000000000001) -> 4 | G10: =E10*F10 -> 8 | H10: =IF(G10<=Inputs!$B$37,"Low",IF(G10<=Inputs!$C$37,"Moderate",IF(G10<=Inputs!$D$37,"High","Extreme"))) -> Moderate | I10: 2 | J10: 4 | K10: 8 | L10: Moderate | M10: =IF(AND(E10=I10,F10=J10,G10=K10,H10=L10),"PASS","FAIL") -> PASS

Sheet Responses
A1: Net benefit of each response: hand vs tool (this response alone, analytic, linear cost)
A3: Response | B3: Targets | C3: EMV before | D3: p after (or original p) | E3: Mean delay after (d) | F3: Direct cost | G3: EMV after | H3: Secondary EMV | I3: Cost | J3: Net benefit =before - after - secondary - cost | K3: Break-even: cost / EMV before | L3: Feasible? | M3: Tool EMV before | N3: Tool EMV after | O3: Tool secondary | P3: Tool net | Q3: Net diff | R3: Result
A4: =Inputs!A23 -> M-BUF | B4: =Inputs!B23 -> R-MAT | C4: =INDEX(Risks!$F$4:$F$10,MATCH(Inputs!$B23,Risks!$A$4:$A$10,0)) -> 14000 | D4: =IF(ISNUMBER(Inputs!D23),Inputs!D23,INDEX(Risks!$B$4:$B$10,MATCH(Inputs!$B23,Risks!$A$4:$A$10,0))) -> 0.2 | E4: =IF(ISNUMBER(Inputs!G23),IF(Inputs!$E23="pert",(Inputs!$F23+Inputs!$I23*Inputs!$G23+Inputs!$H23)/(Inputs!$I23+2),IF(Inputs!$E23="triangular",(Inputs!$F23+Inputs!$G23+Inputs!$H23)/3,IF(Inputs!$E23="uniform",(Inputs!$F23+Inputs!$H23)/2,Inputs!$G23))),INDEX(Risks!$C$4:$C$10,MATCH(Inputs!$B23,Risks!$A$4:$A$10,0))) -> 3.5 | F4: =INDEX(Inputs!$I$13:$I$19,MATCH(Inputs!$B23,Inputs!$A$13:$A$19,0)) -> 0 | G4: =D4*(E4*Inputs!$B$6+F4) -> 5600 | H4: =SUMIFS($E$15:$E$16,$A$15:$A$16,A4) -> 0 | I4: =Inputs!C23 -> 6000 | J4: =C4-G4-H4-I4 -> 2400 | K4: =IF(C4=0,"n/a",I4/C4) -> 0.42857143 | L4: =Inputs!J23 -> Yes | M4: 14000 | N4: 5600 | O4: 0 | P4: 2400 | Q4: =J4-P4 -> 0 | R4: =IF(AND(ABS(C4-M4)<=0.000001*(1+ABS(M4)),ABS(G4-N4)<=0.000001*(1+ABS(N4)),ABS(H4-O4)<=0.000001*(1+ABS(O4)),ABS(Q4)<=0.000001*(1+ABS(P4))),"PASS","FAIL") -> PASS
A5: =Inputs!A24 -> M-SUP | B5: =Inputs!B24 -> R-MAT | C5: =INDEX(Risks!$F$4:$F$10,MATCH(Inputs!$B24,Risks!$A$4:$A$10,0)) -> 14000 | D5: =IF(ISNUMBER(Inputs!D24),Inputs!D24,INDEX(Risks!$B$4:$B$10,MATCH(Inputs!$B24,Risks!$A$4:$A$10,0))) -> 0.35 | E5: =IF(ISNUMBER(Inputs!G24),IF(Inputs!$E24="pert",(Inputs!$F24+Inputs!$I24*Inputs!$G24+Inputs!$H24)/(Inputs!$I24+2),IF(Inputs!$E24="triangular",(Inputs!$F24+Inputs!$G24+Inputs!$H24)/3,IF(Inputs!$E24="uniform",(Inputs!$F24+Inputs!$H24)/2,Inputs!$G24))),INDEX(Risks!$C$4:$C$10,MATCH(Inputs!$B24,Risks!$A$4:$A$10,0))) -> 3.5 | F5: =INDEX(Inputs!$I$13:$I$19,MATCH(Inputs!$B24,Inputs!$A$13:$A$19,0)) -> 0 | G5: =D5*(E5*Inputs!$B$6+F5) -> 9800 | H5: =SUMIFS($E$15:$E$16,$A$15:$A$16,A5) -> 0 | I5: =Inputs!C24 -> 3000 | J5: =C5-G5-H5-I5 -> 1200 | K5: =IF(C5=0,"n/a",I5/C5) -> 0.21428571 | L5: =Inputs!J24 -> Yes | M5: 14000 | N5: 9800 | O5: 0 | P5: 1200 | Q5: =J5-P5 -> 0 | R5: =IF(AND(ABS(C5-M5)<=0.000001*(1+ABS(M5)),ABS(G5-N5)<=0.000001*(1+ABS(N5)),ABS(H5-O5)<=0.000001*(1+ABS(O5)),ABS(Q5)<=0.000001*(1+ABS(P5))),"PASS","FAIL") -> PASS
A6: =Inputs!A25 -> M-GANG | B6: =Inputs!B25 -> R-LAB | C6: =INDEX(Risks!$F$4:$F$10,MATCH(Inputs!$B25,Risks!$A$4:$A$10,0)) -> 7000 | D6: =IF(ISNUMBER(Inputs!D25),Inputs!D25,INDEX(Risks!$B$4:$B$10,MATCH(Inputs!$B25,Risks!$A$4:$A$10,0))) -> 0.35 | E6: =IF(ISNUMBER(Inputs!G25),IF(Inputs!$E25="pert",(Inputs!$F25+Inputs!$I25*Inputs!$G25+Inputs!$H25)/(Inputs!$I25+2),IF(Inputs!$E25="triangular",(Inputs!$F25+Inputs!$G25+Inputs!$H25)/3,IF(Inputs!$E25="uniform",(Inputs!$F25+Inputs!$H25)/2,Inputs!$G25))),INDEX(Risks!$C$4:$C$10,MATCH(Inputs!$B25,Risks!$A$4:$A$10,0))) -> 1.1666667 | F6: =INDEX(Inputs!$I$13:$I$19,MATCH(Inputs!$B25,Inputs!$A$13:$A$19,0)) -> 0 | G6: =D6*(E6*Inputs!$B$6+F6) -> 3266.6667 | H6: =SUMIFS($E$15:$E$16,$A$15:$A$16,A6) -> 2400 | I6: =Inputs!C25 -> 9000 | J6: =C6-G6-H6-I6 -> -7666.6667 | K6: =IF(C6=0,"n/a",I6/C6) -> 1.2857143 | L6: =Inputs!J25 -> Yes | M6: 7000 | N6: 3266.6667 | O6: 2400 | P6: -7666.6667 | Q6: =J6-P6 -> 0 | R6: =IF(AND(ABS(C6-M6)<=0.000001*(1+ABS(M6)),ABS(G6-N6)<=0.000001*(1+ABS(N6)),ABS(H6-O6)<=0.000001*(1+ABS(O6)),ABS(Q6)<=0.000001*(1+ABS(P6))),"PASS","FAIL") -> PASS
A7: =Inputs!A26 -> M-COV | B7: =Inputs!B26 -> R-WX | C7: =INDEX(Risks!$F$4:$F$10,MATCH(Inputs!$B26,Risks!$A$4:$A$10,0)) -> 4266.6667 | D7: =IF(ISNUMBER(Inputs!D26),Inputs!D26,INDEX(Risks!$B$4:$B$10,MATCH(Inputs!$B26,Risks!$A$4:$A$10,0))) -> 0.12 | E7: =IF(ISNUMBER(Inputs!G26),IF(Inputs!$E26="pert",(Inputs!$F26+Inputs!$I26*Inputs!$G26+Inputs!$H26)/(Inputs!$I26+2),IF(Inputs!$E26="triangular",(Inputs!$F26+Inputs!$G26+Inputs!$H26)/3,IF(Inputs!$E26="uniform",(Inputs!$F26+Inputs!$H26)/2,Inputs!$G26))),INDEX(Risks!$C$4:$C$10,MATCH(Inputs!$B26,Risks!$A$4:$A$10,0))) -> 2.6666667 | F7: =INDEX(Inputs!$I$13:$I$19,MATCH(Inputs!$B26,Inputs!$A$13:$A$19,0)) -> 0 | G7: =D7*(E7*Inputs!$B$6+F7) -> 2560 | H7: =SUMIFS($E$15:$E$16,$A$15:$A$16,A7) -> 0 | I7: =Inputs!C26 -> 2500 | J7: =C7-G7-H7-I7 -> -793.33333 | K7: =IF(C7=0,"n/a",I7/C7) -> 0.5859375 | L7: =Inputs!J26 -> Yes | M7: 4266.6667 | N7: 2560 | O7: 0 | P7: -793.33333 | Q7: =J7-P7 -> 0 | R7: =IF(AND(ABS(C7-M7)<=0.000001*(1+ABS(M7)),ABS(G7-N7)<=0.000001*(1+ABS(N7)),ABS(H7-O7)<=0.000001*(1+ABS(O7)),ABS(Q7)<=0.000001*(1+ABS(P7))),"PASS","FAIL") -> PASS
A8: =Inputs!A27 -> M-QC | B8: =Inputs!B27 -> R-RWK | C8: =INDEX(Risks!$F$4:$F$10,MATCH(Inputs!$B27,Risks!$A$4:$A$10,0)) -> 4666.6667 | D8: =IF(ISNUMBER(Inputs!D27),Inputs!D27,INDEX(Risks!$B$4:$B$10,MATCH(Inputs!$B27,Risks!$A$4:$A$10,0))) -> 0.15 | E8: =IF(ISNUMBER(Inputs!G27),IF(Inputs!$E27="pert",(Inputs!$F27+Inputs!$I27*Inputs!$G27+Inputs!$H27)/(Inputs!$I27+2),IF(Inputs!$E27="triangular",(Inputs!$F27+Inputs!$G27+Inputs!$H27)/3,IF(Inputs!$E27="uniform",(Inputs!$F27+Inputs!$H27)/2,Inputs!$G27))),INDEX(Risks!$C$4:$C$10,MATCH(Inputs!$B27,Risks!$A$4:$A$10,0))) -> 2.3333333 | F8: =INDEX(Inputs!$I$13:$I$19,MATCH(Inputs!$B27,Inputs!$A$13:$A$19,0)) -> 0 | G8: =D8*(E8*Inputs!$B$6+F8) -> 2800 | H8: =SUMIFS($E$15:$E$16,$A$15:$A$16,A8) -> 0 | I8: =Inputs!C27 -> 1500 | J8: =C8-G8-H8-I8 -> 366.66667 | K8: =IF(C8=0,"n/a",I8/C8) -> 0.32142857 | L8: =Inputs!J27 -> Yes | M8: 4666.6667 | N8: 2800 | O8: 0 | P8: 366.66667 | Q8: =J8-P8 -> 0 | R8: =IF(AND(ABS(C8-M8)<=0.000001*(1+ABS(M8)),ABS(G8-N8)<=0.000001*(1+ABS(N8)),ABS(H8-O8)<=0.000001*(1+ABS(O8)),ABS(Q8)<=0.000001*(1+ABS(P8))),"PASS","FAIL") -> PASS
A9: =Inputs!A28 -> M-MECH | B9: =Inputs!B28 -> R-SKILL | C9: =INDEX(Risks!$F$4:$F$10,MATCH(Inputs!$B28,Risks!$A$4:$A$10,0)) -> 4106.6667 | D9: =IF(ISNUMBER(Inputs!D28),Inputs!D28,INDEX(Risks!$B$4:$B$10,MATCH(Inputs!$B28,Risks!$A$4:$A$10,0))) -> 0.1 | E9: =IF(ISNUMBER(Inputs!G28),IF(Inputs!$E28="pert",(Inputs!$F28+Inputs!$I28*Inputs!$G28+Inputs!$H28)/(Inputs!$I28+2),IF(Inputs!$E28="triangular",(Inputs!$F28+Inputs!$G28+Inputs!$H28)/3,IF(Inputs!$E28="uniform",(Inputs!$F28+Inputs!$H28)/2,Inputs!$G28))),INDEX(Risks!$C$4:$C$10,MATCH(Inputs!$B28,Risks!$A$4:$A$10,0))) -> 2.3333333 | F9: =INDEX(Inputs!$I$13:$I$19,MATCH(Inputs!$B28,Inputs!$A$13:$A$19,0)) -> 0 | G9: =D9*(E9*Inputs!$B$6+F9) -> 1866.6667 | H9: =SUMIFS($E$15:$E$16,$A$15:$A$16,A9) -> 0 | I9: =Inputs!C28 -> 4000 | J9: =C9-G9-H9-I9 -> -1760 | K9: =IF(C9=0,"n/a",I9/C9) -> 0.97402597 | L9: =Inputs!J28 -> No | M9: 4106.6667 | N9: 1866.6667 | O9: 0 | P9: -1760 | Q9: =J9-P9 -> 0 | R9: =IF(AND(ABS(C9-M9)<=0.000001*(1+ABS(M9)),ABS(G9-N9)<=0.000001*(1+ABS(N9)),ABS(H9-O9)<=0.000001*(1+ABS(O9)),ABS(Q9)<=0.000001*(1+ABS(P9))),"PASS","FAIL") -> PASS
A13: Secondary risks created by a response (hand EMV = p x (mean x Cd + direct cost))
A14: Response | B14: Secondary risk | C14: p | D14: Mean delay (d) | E14: EMV
A15: =Inputs!A32 -> M-GANG | B15: =Inputs!B32 -> S-CONG | C15: =Inputs!C32 -> 0.3 | D15: =IF(Inputs!$D32="pert",(Inputs!$E32+Inputs!$H32*Inputs!$F32+Inputs!$G32)/(Inputs!$H32+2),IF(Inputs!$D32="triangular",(Inputs!$E32+Inputs!$F32+Inputs!$G32)/3,IF(Inputs!$D32="uniform",(Inputs!$E32+Inputs!$G32)/2,Inputs!$F32))) -> 1 | E15: =C15*(D15*Inputs!$B$6+Inputs!I32) -> 2400
