Workbook

Sheet Test1_Hand
A1: Test 1: one risk, one response. Hand calculation
A2: ILLUSTRATIVE placeholders (Assumptions), not site data. Blue on yellow = input; black = formula; green = link to another sheet.
A3: Input | B3: Value | C3: Unit / note
A4: Planned duration T0 | B4: 16 | C4: days
A5: Deadline | B5: 20 | C5: days
A6: Delay cost Cd | B6: 8000 | C6: INR per day of delay
A7: Liquidated damages LD | B7: 5000 | C7: INR per day after the deadline
A8: PERT lambda | B8: 4 | C8: standard weight
A9: Delay a (min) | B9: 1 | C9: days
A10: Delay m (mode) | B10: 3 | C10: days
A11: Delay b (max) | B11: 8 | C11: days
A12: p, accept (no response) | B12: 0.5 | C12: probability R-MAT occurs
A13: p, with M-BUF | B13: 0.2 | C13: probability after buffer stock
A14: M-BUF cost | B14: 6000 | C14: INR
A17: Derived quantity | B17: Value | C17: Formula
A18: Threshold c = deadline - T0 (d) | B18: =B5-B4 -> 4 | C18: delay beyond c breaks the deadline
A19: Mean delay if it occurs, mu | B19: =(B9+B8*B10+B11)/(B8+2) -> 3.5 | C19: (a + lambda*m + b)/(lambda + 2)
A20: Variance of delay if it occurs | B20: =(B19-B9)*(B11-B19)/(B8+3) -> 1.6071429 | C20: (mu - a)(b - mu)/(lambda + 3)
A21: Beta alpha | B21: =1+B8*(B10-B9)/(B11-B9) -> 2.1428571 | C21: 1 + lambda (m - a)/(b - a)
A22: Beta beta | B22: =1+B8*(B11-B10)/(B11-B9) -> 3.8571429 | C22: 1 + lambda (b - m)/(b - a)
A23: P(delay <= c | occurs), F(c) | B23: =BETADIST(B18,B21,B22,B9,B11) -> 0.66436375 | C23: Beta CDF at c
A24: P(delay > c | occurs) | B24: =1-B23 -> 0.33563625
A25: E[(delay - c)+ | occurs] (d) | B25: =Integral!E49 -> 0.32159202 | C25: integral of 1 - F(x) from c to b (Simpson, sheet Integral)
A28: Result by hand | B28: Accept (no response) | C28: With M-BUF | D28: How
A29: Probability of a delay | B29: =B12 -> 0.5 | C29: =B13 -> 0.2 | D29: p
A30: Expected delay (d) | B30: =B29*$B$19 -> 1.75 | C30: =C29*$B$19 -> 0.7 | D30: p x mu
A31: Expected delay cost (INR) | B31: =B30*$B$6 -> 14000 | C31: =C30*$B$6 -> 5600 | D31: Cd x expected delay
A32: P(finish after the deadline) | B32: =B29*$B$24 -> 0.16781813 | C32: =C29*$B$24 -> 0.067127251 | D32: p x P(delay > c)
A33: Expected days past the deadline | B33: =B29*$B$25 -> 0.16079601 | C33: =C29*$B$25 -> 0.064318404 | D33: p x E[(delay - c)+]
A34: Expected liquidated damages (INR) | B34: =B33*$B$7 -> 803.98006 | C34: =C33*$B$7 -> 321.59202 | D34: LD x expected days past deadline
A35: Residual expected cost (INR) | B35: =B31+B34 -> 14803.98 | C35: =C31+C34 -> 5921.592 | D35: delay cost + LD
A36: Response cost (INR) | B36: 0 | C36: =B14 -> 6000 | D36: M-BUF cost
A37: Total expected cost, TEC (INR) | B37: =B35+B36 -> 14803.98 | C37: =C35+C36 -> 11921.592 | D37: response cost + residual
A38: TEC change vs accepting (INR) | B38: =B37-$B$37 -> 0 | C38: =C37-$B$37 -> -2882.388 | D38: negative = cheaper than accepting
A39: Exact P80 duration (d) | B39: =IF(0.8<=1-B29,$B$4,$B$4+BETAINV((0.8-(1-B29))/B29,$B$21,$B$22,$B$9,$B$11)) -> 19.747067 | C39: =IF(0.8<=1-C29,$B$4,$B$4+BETAINV((0.8-(1-C29))/C29,$B$21,$B$22,$B$9,$B$11)) -> 16 | D39: invert P(T <= t) = (1-p) + p F(t - T0)
A40: Exact P90 duration (d) | B40: =IF(0.9<=1-B29,$B$4,$B$4+BETAINV((0.9-(1-B29))/B29,$B$21,$B$22,$B$9,$B$11)) -> 20.62588 | C40: =IF(0.9<=1-C29,$B$4,$B$4+BETAINV((0.9-(1-C29))/C29,$B$21,$B$22,$B$9,$B$11)) -> 19.382589 | D40: same
A41: Exact P95 duration (d) | B41: =IF(0.95<=1-B29,$B$4,$B$4+BETAINV((0.95-(1-B29))/B29,$B$21,$B$22,$B$9,$B$11)) -> 21.272703 | C41: =IF(0.95<=1-C29,$B$4,$B$4+BETAINV((0.95-(1-C29))/C29,$B$21,$B$22,$B$9,$B$11)) -> 20.374872 | D41: same
A43: Hand decision | B43: =IF(C37<B37,"AUTHORIZE MITIGATION","ACCEPT RISK") -> AUTHORIZE MITIGATION | C43: =IF(C37<B37,"M-BUF is cheaper in total expected cost by "&TEXT(B37-C37,"#,##0")&" INR","Accepting is cheaper by "&TEXT(C37-B37,"#,##0")&" INR") -> M-BUF is cheaper in total expected cost by 2,882 INR

Sheet Integral
A1: Simpson integration of 1 - F(x) from c to b (40 intervals)
A2: E[(delay - c)+] = integral from c to b of (1 - F(x)) dx, F = Beta-PERT cumulative distribution. Simpson weights 1, 4, 2, 4, ..., 4, 1.
A4: i | B4: x (days of delay) | C4: S(x) = 1 - F(x) | D4: Weight | E4: Weight x S(x)
A5: 0 | B5: =Test1_Hand!$B$18+A5*$E$47 -> 4 | C5: =1-BETADIST(B5,Test1_Hand!$B$21,Test1_Hand!$B$22,Test1_Hand!$B$9,Test1_Hand!$B$11) -> 0.33563625 | D5: 1 | E5: =D5*C5 -> 0.33563625
A6: 1 | B6: =Test1_Hand!$B$18+A6*$E$47 -> 4.1 | C6: =1-BETADIST(B6,Test1_Hand!$B$21,Test1_Hand!$B$22,Test1_Hand!$B$9,Test1_Hand!$B$11) -> 0.31158125 | D6: 4 | E6: =D6*C6 -> 1.246325
A7: 2 | B7: =Test1_Hand!$B$18+A7*$E$47 -> 4.2 | C7: =1-BETADIST(B7,Test1_Hand!$B$21,Test1_Hand!$B$22,Test1_Hand!$B$9,Test1_Hand!$B$11) -> 0.28838578 | D7: 2 | E7: =D7*C7 -> 0.57677156
A8: 3 | B8: =Test1_Hand!$B$18+A8*$E$47 -> 4.3 | C8: =1-BETADIST(B8,Test1_Hand!$B$21,Test1_Hand!$B$22,Test1_Hand!$B$9,Test1_Hand!$B$11) -> 0.26608792 | D8: 4 | E8: =D8*C8 -> 1.0643517
A9: 4 | B9: =Test1_Hand!$B$18+A9*$E$47 -> 4.4 | C9: =1-BETADIST(B9,Test1_Hand!$B$21,Test1_Hand!$B$22,Test1_Hand!$B$9,Test1_Hand!$B$11) -> 0.2447196 | D9: 2 | E9: =D9*C9 -> 0.48943919
A10: 5 | B10: =Test1_Hand!$B$18+A10*$E$47 -> 4.5 | C10: =1-BETADIST(B10,Test1_Hand!$B$21,Test1_Hand!$B$22,Test1_Hand!$B$9,Test1_Hand!$B$11) -> 0.22430674 | D10: 4 | E10: =D10*C10 -> 0.89722696
A11: 6 | B11: =Test1_Hand!$B$18+A11*$E$47 -> 4.6 | C11: =1-BETADIST(B11,Test1_Hand!$B$21,Test1_Hand!$B$22,Test1_Hand!$B$9,Test1_Hand!$B$11) -> 0.20486948 | D11: 2 | E11: =D11*C11 -> 0.40973896
A12: 7 | B12: =Test1_Hand!$B$18+A12*$E$47 -> 4.7 | C12: =1-BETADIST(B12,Test1_Hand!$B$21,Test1_Hand!$B$22,Test1_Hand!$B$9,Test1_Hand!$B$11) -> 0.18642231 | D12: 4 | E12: =D12*C12 -> 0.74568924
A13: 8 | B13: =Test1_Hand!$B$18+A13*$E$47 -> 4.8 | C13: =1-BETADIST(B13,Test1_Hand!$B$21,Test1_Hand!$B$22,Test1_Hand!$B$9,Test1_Hand!$B$11) -> 0.1689743 | D13: 2 | E13: =D13*C13 -> 0.33794861
A14: 9 | B14: =Test1_Hand!$B$18+A14*$E$47 -> 4.9 | C14: =1-BETADIST(B14,Test1_Hand!$B$21,Test1_Hand!$B$22,Test1_Hand!$B$9,Test1_Hand!$B$11) -> 0.1525293 | D14: 4 | E14: =D14*C14 -> 0.61011721
A15: 10 | B15: =Test1_Hand!$B$18+A15*$E$47 -> 5 | C15: =1-BETADIST(B15,Test1_Hand!$B$21,Test1_Hand!$B$22,Test1_Hand!$B$9,Test1_Hand!$B$11) -> 0.13708614 | D15: 2 | E15: =D15*C15 -> 0.27417228
A16: 11 | B16: =Test1_Hand!$B$18+A16*$E$47 -> 5.1 | C16: =1-BETADIST(B16,Test1_Hand!$B$21,Test1_Hand!$B$22,Test1_Hand!$B$9,Test1_Hand!$B$11) -> 0.12263885 | D16: 4 | E16: =D16*C16 -> 0.49055541
... A45: 40 | B45: =Test1_Hand!$B$18+A45*$E$47 -> 8 | C45: =1-BETADIST(B45,Test1_Hand!$B$21,Test1_Hand!$B$22,Test1_Hand!$B$9,Test1_Hand!$B$11) -> 0 | D45: 1 | E45: =D45*C45 -> 0
D47: step h | E47: =(Test1_Hand!B11-Test1_Hand!B18)/40 -> 0.1
D48: Sum | E48: =SUM(E5:E45) -> 9.6477607
D49: Integral = h/3 x sum | E49: =E47/3*E48 -> 0.32159202

Sheet Excel_Simulation
A1: Monte Carlo in Excel: 2,000 draws (uniform numbers pasted from numpy seed 12345; everything else is a formula)
A3: Excel simulation summary | B3: Accept | C3: With M-BUF
A4: Draws | B4: =COUNT(B13:B2012) -> 2000 | C4: =COUNT(B13:B2012) -> 2000
A5: P(delay occurs) | B5: =AVERAGE(E13:E2012) -> 0.512 | C5: =AVERAGE(H13:H2012) -> 0.189
A6: Expected delay (d) | B6: =AVERAGE(F13:F2012)-Test1_Hand!$B$4 -> 1.7860842 | C6: =AVERAGE(I13:I2012)-Test1_Hand!$B$4 -> 0.65757396
A7: P(finish after the deadline) | B7: =COUNTIF(F13:F2012,">"&Test1_Hand!$B$5)/B4 -> 0.1655 | C7: =COUNTIF(I13:I2012,">"&Test1_Hand!$B$5)/C4 -> 0.0625
A8: P90 duration (d) | B8: =PERCENTILE(F13:F2012,0.9) -> 20.620058 | C8: =PERCENTILE(I13:I2012,0.9) -> 19.211218
A9: Total expected cost (INR) | B9: =AVERAGE(G13:G2012) -> 15078.426 | C9: =AVERAGE(J13:J2012) -> 11559.358
A10: Standard error of the mean cost (INR) | B10: =STDEV(G13:G2012)/SQRT(B4) -> 385.04854 | C10: =STDEV(J13:J2012)/SQRT(C4) -> 285.27217
A12: Draw | B12: U1 (occurrence) | C12: U2 (delay) | D12: Delay if occurs (d) =BETAINV(U2) | E12: Occurs, accept | F12: Duration, accept (d) | G12: Cost, accept (INR) | H12: Occurs, M-BUF | I12: Duration, M-BUF (d) | J12: Cost incl. M-BUF (INR)
A13: 1 | B13: 0.22733602 | C13: 0.31675834 | D13: =BETAINV(C13,Test1_Hand!$B$21,Test1_Hand!$B$22,Test1_Hand!$B$9,Test1_Hand!$B$11) -> 2.7488416 | E13: =IF(B13<Test1_Hand!$B$12,1,0) -> 1 | F13: =Test1_Hand!$B$4+E13*D13 -> 18.748842 | G13: =Test1_Hand!$B$6*E13*D13+Test1_Hand!$B$7*MAX(0,F13-Test1_Hand!$B$5) -> 21990.733 | H13: =IF(B13<Test1_Hand!$B$13,1,0) -> 0 | I13: =Test1_Hand!$B$4+H13*D13 -> 16 | J13: =Test1_Hand!$B$6*H13*D13+Test1_Hand!$B$7*MAX(0,I13-Test1_Hand!$B$5)+Test1_Hand!$B$14 -> 6000
A14: 2 | B14: 0.79736546 | C14: 0.67625467 | D14: =BETAINV(C14,Test1_Hand!$B$21,Test1_Hand!$B$22,Test1_Hand!$B$9,Test1_Hand!$B$11) -> 4.0489967 | E14: =IF(B14<Test1_Hand!$B$12,1,0) -> 0 | F14: =Test1_Hand!$B$4+E14*D14 -> 16 | G14: =Test1_Hand!$B$6*E14*D14+Test1_Hand!$B$7*MAX(0,F14-Test1_Hand!$B$5) -> 0 | H14: =IF(B14<Test1_Hand!$B$13,1,0) -> 0 | I14: =Test1_Hand!$B$4+H14*D14 -> 16 | J14: =Test1_Hand!$B$6*H14*D14+Test1_Hand!$B$7*MAX(0,I14-Test1_Hand!$B$5)+Test1_Hand!$B$14 -> 6000
A15: 3 | B15: 0.39110955 | C15: 0.33281393 | D15: =BETAINV(C15,Test1_Hand!$B$21,Test1_Hand!$B$22,Test1_Hand!$B$9,Test1_Hand!$B$11) -> 2.8045496 | E15: =IF(B15<Test1_Hand!$B$12,1,0) -> 1 | F15: =Test1_Hand!$B$4+E15*D15 -> 18.80455 | G15: =Test1_Hand!$B$6*E15*D15+Test1_Hand!$B$7*MAX(0,F15-Test1_Hand!$B$5) -> 22436.397 | H15: =IF(B15<Test1_Hand!$B$13,1,0) -> 0 | I15: =Test1_Hand!$B$4+H15*D15 -> 16 | J15: =Test1_Hand!$B$6*H15*D15+Test1_Hand!$B$7*MAX(0,I15-Test1_Hand!$B$5)+Test1_Hand!$B$14 -> 6000
A16: 4 | B16: 0.59830875 | C16: 0.18673419 | D16: =BETAINV(C16,Test1_Hand!$B$21,Test1_Hand!$B$22,Test1_Hand!$B$9,Test1_Hand!$B$11) -> 2.275478 | E16: =IF(B16<Test1_Hand!$B$12,1,0) -> 0 | F16: =Test1_Hand!$B$4+E16*D16 -> 16 | G16: =Test1_Hand!$B$6*E16*D16+Test1_Hand!$B$7*MAX(0,F16-Test1_Hand!$B$5) -> 0 | H16: =IF(B16<Test1_Hand!$B$13,1,0) -> 0 | I16: =Test1_Hand!$B$4+H16*D16 -> 16 | J16: =Test1_Hand!$B$6*H16*D16+Test1_Hand!$B$7*MAX(0,I16-Test1_Hand!$B$5)+Test1_Hand!$B$14 -> 6000
A17: 5 | B17: 0.67275604 | C17: 0.94180287 | D17: =BETAINV(C17,Test1_Hand!$B$21,Test1_Hand!$B$22,Test1_Hand!$B$9,Test1_Hand!$B$11) -> 5.6740904 | E17: =IF(B17<Test1_Hand!$B$12,1,0) -> 0 | F17: =Test1_Hand!$B$4+E17*D17 -> 16 | G17: =Test1_Hand!$B$6*E17*D17+Test1_Hand!$B$7*MAX(0,F17-Test1_Hand!$B$5) -> 0 | H17: =IF(B17<Test1_Hand!$B$13,1,0) -> 0 | I17: =Test1_Hand!$B$4+H17*D17 -> 16 | J17: =Test1_Hand!$B$6*H17*D17+Test1_Hand!$B$7*MAX(0,I17-Test1_Hand!$B$5)+Test1_Hand!$B$14 -> 6000
A18: 6 | B18: 0.24824571 | C18: 0.94888115 | D18: =BETAINV(C18,Test1_Hand!$B$21,Test1_Hand!$B$22,Test1_Hand!$B$9,Test1_Hand!$B$11) -> 5.7596809 | E18: =IF(B18<Test1_Hand!$B$12,1,0) -> 1 | F18: =Test1_Hand!$B$4+E18*D18 -> 21.759681 | G18: =Test1_Hand!$B$6*E18*D18+Test1_Hand!$B$7*MAX(0,F18-Test1_Hand!$B$5) -> 54875.852 | H18: =IF(B18<Test1_Hand!$B$13,1,0) -> 0 | I18: =Test1_Hand!$B$4+H18*D18 -> 16 | J18: =Test1_Hand!$B$6*H18*D18+Test1_Hand!$B$7*MAX(0,I18-Test1_Hand!$B$5)+Test1_Hand!$B$14 -> 6000
A19: 7 | B19: 0.66723745 | C19: 0.095897936 | D19: =BETAINV(C19,Test1_Hand!$B$21,Test1_Hand!$B$22,Test1_Hand!$B$9,Test1_Hand!$B$11) -> 1.8843878 | E19: =IF(B19<Test1_Hand!$B$12,1,0) -> 0 | F19: =Test1_Hand!$B$4+E19*D19 -> 16 | G19: =Test1_Hand!$B$6*E19*D19+Test1_Hand!$B$7*MAX(0,F19-Test1_Hand!$B$5) -> 0 | H19: =IF(B19<Test1_Hand!$B$13,1,0) -> 0 | I19: =Test1_Hand!$B$4+H19*D19 -> 16 | J19: =Test1_Hand!$B$6*H19*D19+Test1_Hand!$B$7*MAX(0,I19-Test1_Hand!$B$5)+Test1_Hand!$B$14 -> 6000
A20: 8 | B20: 0.44183967 | C20: 0.88647992 | D20: =BETAINV(C20,Test1_Hand!$B$21,Test1_Hand!$B$22,Test1_Hand!$B$9,Test1_Hand!$B$11) -> 5.1669336 | E20: =IF(B20<Test1_Hand!$B$12,1,0) -> 1 | F20: =Test1_Hand!$B$4+E20*D20 -> 21.166934 | G20: =Test1_Hand!$B$6*E20*D20+Test1_Hand!$B$7*MAX(0,F20-Test1_Hand!$B$5) -> 47170.137 | H20: =IF(B20<Test1_Hand!$B$13,1,0) -> 0 | I20: =Test1_Hand!$B$4+H20*D20 -> 16 | J20: =Test1_Hand!$B$6*H20*D20+Test1_Hand!$B$7*MAX(0,I20-Test1_Hand!$B$5)+Test1_Hand!$B$14 -> 6000
A21: 9 | B21: 0.6974535 | C21: 0.32647286 | D21: =BETAINV(C21,Test1_Hand!$B$21,Test1_Hand!$B$22,Test1_Hand!$B$9,Test1_Hand!$B$11) -> 2.7825834 | E21: =IF(B21<Test1_Hand!$B$12,1,0) -> 0 | F21: =Test1_Hand!$B$4+E21*D21 -> 16 | G21: =Test1_Hand!$B$6*E21*D21+Test1_Hand!$B$7*MAX(0,F21-Test1_Hand!$B$5) -> 0 | H21: =IF(B21<Test1_Hand!$B$13,1,0) -> 0 | I21: =Test1_Hand!$B$4+H21*D21 -> 16 | J21: =Test1_Hand!$B$6*H21*D21+Test1_Hand!$B$7*MAX(0,I21-Test1_Hand!$B$5)+Test1_Hand!$B$14 -> 6000
A22: 10 | B22: 0.73392816 | C22: 0.22013496 | D22: =BETAINV(C22,Test1_Hand!$B$21,Test1_Hand!$B$22,Test1_Hand!$B$9,Test1_Hand!$B$11) -> 2.4027437 | E22: =IF(B22<Test1_Hand!$B$12,1,0) -> 0 | F22: =Test1_Hand!$B$4+E22*D22 -> 16 | G22: =Test1_Hand!$B$6*E22*D22+Test1_Hand!$B$7*MAX(0,F22-Test1_Hand!$B$5) -> 0 | H22: =IF(B22<Test1_Hand!$B$13,1,0) -> 0 | I22: =Test1_Hand!$B$4+H22*D22 -> 16 | J22: =Test1_Hand!$B$6*H22*D22+Test1_Hand!$B$7*MAX(0,I22-Test1_Hand!$B$5)+Test1_Hand!$B$14 -> 6000
A23: 11 | B23: 0.08159457 | C23: 0.1598956 | D23: =BETAINV(C23,Test1_Hand!$B$21,Test1_Hand!$B$22,Test1_Hand!$B$9,Test1_Hand!$B$11) -> 2.1684 | E23: =IF(B23<Test1_Hand!$B$12,1,0) -> 1 | F23: =Test1_Hand!$B$4+E23*D23 -> 18.1684 | G23: =Test1_Hand!$B$6*E23*D23+Test1_Hand!$B$7*MAX(0,F23-Test1_Hand!$B$5) -> 17347.2 | H23: =IF(B23<Test1_Hand!$B$13,1,0) -> 1 | I23: =Test1_Hand!$B$4+H23*D23 -> 18.1684 | J23: =Test1_Hand!$B$6*H23*D23+Test1_Hand!$B$7*MAX(0,I23-Test1_Hand!$B$5)+Test1_Hand!$B$14 -> 23347.2
A24: 12 | B24: 0.34010018 | C24: 0.46519315 | D24: =BETAINV(C24,Test1_Hand!$B$21,Test1_Hand!$B$22,Test1_Hand!$B$9,Test1_Hand!$B$11) -> 3.2607013 | E24: =IF(B24<Test1_Hand!$B$12,1,0) -> 1 | F24: =Test1_Hand!$B$4+E24*D24 -> 19.260701 | G24: =Test1_Hand!$B$6*E24*D24+Test1_Hand!$B$7*MAX(0,F24-Test1_Hand!$B$5) -> 26085.61 | H24: =IF(B24<Test1_Hand!$B$13,1,0) -> 0 | I24: =Test1_Hand!$B$4+H24*D24 -> 16 | J24: =Test1_Hand!$B$6*H24*D24+Test1_Hand!$B$7*MAX(0,I24-Test1_Hand!$B$5)+Test1_Hand!$B$14 -> 6000
... A2012: 2000 | B2012: 0.74656867 | C2012: 0.79819877 | D2012: =BETAINV(C2012,Test1_Hand!$B$21,Test1_Hand!$B$22,Test1_Hand!$B$9,Test1_Hand!$B$11) -> 4.6162655 | E2012: =IF(B2012<Test1_Hand!$B$12,1,0) -> 0 | F2012: =Test1_Hand!$B$4+E2012*D2012 -> 16 | G2012: =Test1_Hand!$B$6*E2012*D2012+Test1_Hand!$B$7*MAX(0,F2012-Test1_Hand!$B$5) -> 0 | H2012: =IF(B2012<Test1_Hand!$B$13,1,0) -> 0 | I2012: =Test1_Hand!$B$4+H2012*D2012 -> 16 | J2012: =Test1_Hand!$B$6*H2012*D2012+Test1_Hand!$B$7*MAX(0,I2012-Test1_Hand!$B$5)+Test1_Hand!$B$14 -> 6000

Sheet Result
A1: Test 1 result: hand vs Excel simulation vs the tool
A2: The hand column is exact (formulas on Test1_Hand). Tool columns are the numbers the tool printed for the same case (seed 12345). Tolerance: 3 standard errors of each quantity for the 2,000-draw Excel run (the least precise run), computed from the exact distribution below; the two tool runs are held to the same limit.
A4: Quantity | B4: Hand (exact) | C4: Excel simulation (2,000 draws) | D4: Tool n=10,000 | E4: Tool n=200,000 | F4: |Excel - hand| | G4: |Tool 10k - hand| | H4: |Tool 200k - hand| | I4: Tolerance | J4: Excel | K4: Tool 10k | L4: Tool 200k
A5: ACCEPT (no response)
A6: P(delay occurs) | B6: =Test1_Hand!B29 -> 0.5 | C6: =Excel_Simulation!B5 -> 0.512 | D6: 0.4998 | E6: 0.50014 | F6: =ABS(C6-B6) -> 0.012 | G6: =ABS(D6-B6) -> 0.0002 | H6: =ABS(E6-B6) -> 0.00014 | I6: =3*SQRT(Test1_Hand!B29*(1-Test1_Hand!B29)/Excel_Simulation!$B$4) -> 0.03354102 | J6: =IF(F6<=I6,"PASS","FAIL") -> PASS | K6: =IF(G6<=I6,"PASS","FAIL") -> PASS | L6: =IF(H6<=I6,"PASS","FAIL") -> PASS
A7: Expected delay (d) | B7: =Test1_Hand!B30 -> 1.75 | C7: =Excel_Simulation!B6 -> 1.7860842 | D7: 1.7457923 | E7: 1.753916 | F7: =ABS(C7-B7) -> 0.036084223 | G7: =ABS(D7-B7) -> 0.0042077026 | H7: =ABS(E7-B7) -> 0.0039160265 | I7: =3*SQRT(Test1_Hand!B29*(Test1_Hand!$B$20+Test1_Hand!$B$19^2)-Test1_Hand!B30^2)/SQRT(Excel_Simulation!$B$4) -> 0.13189891 | J7: =IF(F7<=I7,"PASS","FAIL") -> PASS | K7: =IF(G7<=I7,"PASS","FAIL") -> PASS | L7: =IF(H7<=I7,"PASS","FAIL") -> PASS
A8: P(finish after the deadline) | B8: =Test1_Hand!B32 -> 0.16781813 | C8: =Excel_Simulation!B7 -> 0.1655 | D8: 0.1683 | E8: 0.16879 | F8: =ABS(C8-B8) -> 0.0023181271 | G8: =ABS(D8-B8) -> 0.00048187286 | H8: =ABS(E8-B8) -> 0.00097187286 | I8: =3*SQRT(Test1_Hand!B32*(1-Test1_Hand!B32)/Excel_Simulation!$B$4) -> 0.025068873 | J8: =IF(F8<=I8,"PASS","FAIL") -> PASS | K8: =IF(G8<=I8,"PASS","FAIL") -> PASS | L8: =IF(H8<=I8,"PASS","FAIL") -> PASS
A9: P90 duration (d) | B9: =Test1_Hand!B40 -> 20.62588 | C9: =Excel_Simulation!B8 -> 20.620058 | D9: 20.623111 | E9: 20.635892 | F9: =ABS(C9-B9) -> 0.005821673 | G9: =ABS(D9-B9) -> 0.0027681994 | H9: =ABS(E9-B9) -> 0.010012765 | I9: =3*B33 -> 0.21538605 | J9: =IF(F9<=I9,"PASS","FAIL") -> PASS | K9: =IF(G9<=I9,"PASS","FAIL") -> PASS | L9: =IF(H9<=I9,"PASS","FAIL") -> PASS
A10: Total expected cost (INR) | B10: =Test1_Hand!B37 -> 14803.98 | C10: =Excel_Simulation!B9 -> 15078.426 | D10: 14755.416 | E10: 14839.576 | F10: =ABS(C10-B10) -> 274.44574 | G10: =ABS(D10-B10) -> 48.563749 | H10: =ABS(E10-B10) -> 35.59636 | I10: =3*Excel_Simulation!B10 -> 1155.1456 | J10: =IF(F10<=I10,"PASS","FAIL") -> PASS | K10: =IF(G10<=I10,"PASS","FAIL") -> PASS | L10: =IF(H10<=I10,"PASS","FAIL") -> PASS
A11: WITH M-BUF
A12: P(delay occurs) | B12: =Test1_Hand!C29 -> 0.2 | C12: =Excel_Simulation!C5 -> 0.189 | D12: n/a | E12: n/a | F12: =ABS(C12-B12) -> 0.011 | I12: =3*SQRT(Test1_Hand!C29*(1-Test1_Hand!C29)/Excel_Simulation!$B$4) -> 0.026832816 | J12: =IF(F12<=I12,"PASS","FAIL") -> PASS
A13: Expected delay (d) | B13: =Test1_Hand!C30 -> 0.7 | C13: =Excel_Simulation!C6 -> 0.65757396 | D13: 0.6872021 | E13: 0.70582516 | F13: =ABS(C13-B13) -> 0.042426035 | G13: =ABS(D13-B13) -> 0.012797901 | H13: =ABS(E13-B13) -> 0.0058251563 | I13: =3*SQRT(Test1_Hand!C29*(Test1_Hand!$B$20+Test1_Hand!$B$19^2)-Test1_Hand!C30^2)/SQRT(Excel_Simulation!$B$4) -> 0.10132339 | J13: =IF(F13<=I13,"PASS","FAIL") -> PASS | K13: =IF(G13<=I13,"PASS","FAIL") -> PASS | L13: =IF(H13<=I13,"PASS","FAIL") -> PASS
A14: P(finish after the deadline) | B14: =Test1_Hand!C32 -> 0.067127251 | C14: =Excel_Simulation!C7 -> 0.0625 | D14: 0.0637 | E14: 0.0676 | F14: =ABS(C14-B14) -> 0.0046272509 | G14: =ABS(D14-B14) -> 0.0034272509 | H14: =ABS(E14-B14) -> 0.00047274914 | I14: =3*SQRT(Test1_Hand!C32*(1-Test1_Hand!C32)/Excel_Simulation!$B$4) -> 0.01678676 | J14: =IF(F14<=I14,"PASS","FAIL") -> PASS | K14: =IF(G14<=I14,"PASS","FAIL") -> PASS | L14: =IF(H14<=I14,"PASS","FAIL") -> PASS
A15: P90 duration (d) | B15: =Test1_Hand!C40 -> 19.382589 | C15: =Excel_Simulation!C8 -> 19.211218 | D15: 19.344506 | E15: 19.402162 | F15: =ABS(C15-B15) -> 0.17137094 | G15: =ABS(D15-B15) -> 0.038082524 | H15: =ABS(E15-B15) -> 0.019572907 | I15: =3*C33 -> 0.35511555 | J15: =IF(F15<=I15,"PASS","FAIL") -> PASS | K15: =IF(G15<=I15,"PASS","FAIL") -> PASS | L15: =IF(H15<=I15,"PASS","FAIL") -> PASS
A16: Total expected cost incl. M-BUF (INR) | B16: =Test1_Hand!C37 -> 11921.592 | C16: =Excel_Simulation!C9 -> 11559.358 | D16: 11803.156 | E16: 11972.709 | F16: =ABS(C16-B16) -> 362.23429 | G16: =ABS(D16-B16) -> 118.43634 | H16: =ABS(E16-B16) -> 51.117395 | I16: =3*Excel_Simulation!C10 -> 855.81652 | J16: =IF(F16<=I16,"PASS","FAIL") -> PASS | K16: =IF(G16<=I16,"PASS","FAIL") -> PASS | L16: =IF(H16<=I16,"PASS","FAIL") -> PASS
A18: Decision
A19: Source | B19: Decision | C19: TEC accept (INR) | D19: TEC with M-BUF (INR) | E19: Saving from M-BUF (INR) | F19: Agrees with hand?
A20: Hand (exact) | B20: =Test1_Hand!B43 -> AUTHORIZE MITIGATION | C20: =Test1_Hand!B37 -> 14803.98 | D20: =Test1_Hand!C37 -> 11921.592 | E20: =C20-D20 -> 2882.388 | F20: -
A21: Excel simulation | B21: =IF(D21<C21,"AUTHORIZE MITIGATION","ACCEPT RISK") -> AUTHORIZE MITIGATION | C21: =Excel_Simulation!B9 -> 15078.426 | D21: =Excel_Simulation!C9 -> 11559.358 | E21: =C21-D21 -> 3519.0681 | F21: =IF(B21=$B$20,"PASS","FAIL") -> PASS
A22: Tool, n=10,000 | B22: AUTHORIZE MITIGATION | C22: 14755.416 | D22: 11803.156 | E22: =C22-D22 -> 2952.2606 | F22: =IF(B22=$B$20,"PASS","FAIL") -> PASS
A23: Tool, n=200,000 | B23: AUTHORIZE MITIGATION | C23: 14839.576 | D23: 11972.709 | E23: =C23-D23 -> 2866.867 | F23: =IF(B23=$B$20,"PASS","FAIL") -> PASS
A25: Overall | B25: =IF(COUNTIF(J6:L16,"FAIL")+COUNTIF(F21:F23,"FAIL")=0,"ALL CHECKS PASS","SOME CHECKS FAIL") -> ALL CHECKS PASS
A26: Checks counted | B26: =COUNTIF(J6:L16,"PASS")+COUNTIF(J6:L16,"FAIL")+COUNTIF(F21:F23,"PASS")+COUNTIF(F21:F23,"FAIL") -> 31
A28: Reading: the exact hand result, a 2,000-draw spreadsheet simulation and the tool's own simulation agree within sampling error, and all three reach the same decision. These inputs are placeholders; the result shows the arithmetic is right, not that the numbers fit a real site.
A31: Standard error of the P90 duration at the Excel run's N (helper for the tolerance)
A32: Quantity | B32: Accept | C32: With M-BUF
A33: SE of P90 (d) = sqrt(0.9 x 0.1 / N) / density at P90 | B33: =SQRT(0.9*0.1/Excel_Simulation!$B$4)/(Test1_Hand!B29*(BETADIST((Test1_Hand!B40-Test1_Hand!$B$4)+0.05,Test1_Hand!$B$21,Test1_Hand!$B$22,Test1_Hand!$B$9,Test1_Hand!$B$11)-BETADIST((Test1_Hand!B40-Test1_Hand!$B$4)-0.05,Test1_Hand!$B$21,Test1_Hand!$B$22,Test1_Hand!$B$9,Test1_Hand!$B$11))/0.1) -> 0.07179535 | C33: =SQRT(0.9*0.1/Excel_Simulation!$B$4)/(Test1_Hand!C29*(BETADIST((Test1_Hand!C40-Test1_Hand!$B$4)+0.05,Test1_Hand!$B$21,Test1_Hand!$B$22,Test1_Hand!$B$9,Test1_Hand!$B$11)-BETADIST((Test1_Hand!C40-Test1_Hand!$B$4)-0.05,Test1_Hand!$B$21,Test1_Hand!$B$22,Test1_Hand!$B$9,Test1_Hand!$B$11))/0.1) -> 0.11837185
A34: Density of duration at the exact P90 (per day) | B34: =Test1_Hand!B29*(BETADIST((Test1_Hand!B40-Test1_Hand!$B$4)+0.05,Test1_Hand!$B$21,Test1_Hand!$B$22,Test1_Hand!$B$9,Test1_Hand!$B$11)-BETADIST((Test1_Hand!B40-Test1_Hand!$B$4)-0.05,Test1_Hand!$B$21,Test1_Hand!$B$22,Test1_Hand!$B$9,Test1_Hand!$B$11))/0.1 -> 0.093435075 | C34: =Test1_Hand!C29*(BETADIST((Test1_Hand!C40-Test1_Hand!$B$4)+0.05,Test1_Hand!$B$21,Test1_Hand!$B$22,Test1_Hand!$B$9,Test1_Hand!$B$11)-BETADIST((Test1_Hand!C40-Test1_Hand!$B$4)-0.05,Test1_Hand!$B$21,Test1_Hand!$B$22,Test1_Hand!$B$9,Test1_Hand!$B$11))/0.1 -> 0.056670601
